Name,Created,Tags
1. Introduction,"June 28, 2022 10:40 AM",
2. Project For This Section,"June 28, 2022 1:07 PM",
3. Pengenalan Server,"June 23, 2022 10:25 AM",
4. Mengenal Linux (GNU/Linux),"June 23, 2022 10:27 AM",
5. Vagrant Virtualization,"June 23, 2022 10:30 AM",
6. Linux File Hierarchy Structure,"June 23, 2022 2:38 PM",
"7. Linux Command Line ","June 23, 2022 8:51 PM",
8. Text & File Manipulation,"June 24, 2022 8:21 AM",
9. Archiving Data,"June 27, 2022 12:57 PM",
10. Users & Groups,"June 27, 2022 1:17 PM",
11. Permissions,"June 27, 2022 1:37 PM",
12. Package Managements,"June 27, 2022 1:49 PM",
13. Service Managements,"June 27, 2022 2:34 PM",
14. Roadmap,"June 27, 2022 2:39 PM",
15. Setup Webserver & Applications,"June 27, 2022 2:41 PM",
16. Shell Scripting,"June 27, 2022 2:52 PM",
17. Membuat Automasi Setup Webserver dengan Bash,"June 27, 2022 3:25 PM",
18. Summary,"June 27, 2022 3:25 PM",
19. Resources,"June 23, 2022 10:33 AM",